{"stats":{"minecraft:mined":{"minecraft:tuff":1,"minecraft:cobblestone_stairs":2,"minecraft:grass_block":3,"minecraft:spawner":1,"minecraft:iron_ore":6,"minecraft:stone":4,"minecraft:crafting_table":2,"meadow:limestone":19,"minecraft:grass":5,"minecraft:oak_log":1,"minecraft:dirt":3,"meadow:cobbled_limestone":2,"minecraft:stone_bricks":2,"minecraft:birch_fence":1},"minecraft:crafted":{"minecraft:oak_planks":220,"minecraft:stone_pickaxe":1,"minecraft:netherite_scrap":0,"sophisticatedbackpacks:iron_backpack":1,"minecraft:crafting_table":3,"minecraft:wooden_pickaxe":1,"minecraft:birch_planks":12,"minecraft:stone_axe":1,"minecraft:air":0,"minecraft:iron_ingot":72,"minecraft:wooden_axe":1},"minecraft:custom":{"minecraft:mob_kills":25,"minecraft:interact_with_anvil":1,"vampirism:interact_with_altar_of_infusion":22,"vampirism:action_time_vampire_rage":1437,"minecraft:interact_with_crafting_table":4,"minecraft:open_barrel":2,"goblintraders:trade_with_goblin":36,"vampirism:action_time_bat":4776,"minecraft:damage_dealt_resisted":273,"minecraft:climb_one_cm":1614,"minecraft:leave_game":2,"minecraft:time_since_death":105240,"minecraft:damage_resisted":8,"vampirism:interact_alchemical_cauldron":8,"minecraft:sprint_one_cm":63267,"vampirism:amount_bitten":7,"minecraft:walk_one_cm":182326,"minecraft:drop":29,"vampirism:action_time_regen":399,"vampirism:skills_unlocked":14,"vampirism:action_used_freeze":1,"minecraft:talked_to_villager":1,"minecraft:play_time":121927,"vampirism:interact_with_altar_inspiration":52,"minecraft:deaths":1,"minecraft:sneak_time":2428,"minecraft:walk_under_water_one_cm":3687,"minecraft:jump":697,"minecraft:interact_with_blast_furnace":1,"minecraft:walk_on_water_one_cm":5211,"minecraft:total_world_time":121927,"vampirism:blood_drunk":8400,"vampirism:altar_of_inspiration_rituals_performed":33,"minecraft:interact_with_furnace":3,"vampirism:action_used_dark_blood_projectile":3,"vampirism:action_used_bat":9,"vampirism:actions_used":15,"vampirism:altar_of_infusion_rituals_performed":10,"minecraft:time_since_rest":104713,"vampirism:action_used_regen":1,"minecraft:damage_taken":2069,"minecraft:damage_dealt":6836,"minecraft:fly_one_cm":620331,"minecraft:swim_one_cm":7438,"vampirism:action_used_vampire_rage":1,"minecraft:open_chest":23,"minecraft:crouch_one_cm":1041,"tombstone:undead_killed":2,"vampirism:items_filled_on_blood_pedestal":1,"minecraft:fall_one_cm":18692},"minecraft:picked_up":{"minecraft:crafting_table":2,"farmersdelight:mutton_wrap":63,"minecraft:birch_fence":1,"minecraft:poppy":2,"minecraft:iron_nugget":5,"dynamictrees:oak_seed":16,"minecraft:egg":1,"grimoireofgaia:taproot":4,"minecraft:stick":99,"minecraft:raw_iron":6,"minecraft:torch":1,"minecraft:porkchop":22,"simplefarming:raspberries":6,"vampirism:amulet":1,"meadow:inky_wool":1,"vampirism:blood_bottle":1,"vampirism:pure_blood_2":1,"farmersdelight:hamburger":64,"minecraft:mutton":12,"minecraft:cobblestone":4,"minecraft:birch_log":9,"vampirism:pure_blood_4":58,"vampirism:vampire_blood_bottle":1,"minecraft:leather":3,"minecraft:tuff":1,"minecraft:oak_log":67,"minecraft:gunpowder":1,"minecraft:cobblestone_stairs":2,"minecraft:dirt":5,"vampirism:human_heart":33,"minecraft:apple":16,"minecraft:stone_bricks":2,"vampirism:pure_blood_1":1,"dynamictrees:birch_seed":9,"meadow:patched_wool":3,"meadow:cobbled_limestone":21,"simplefarming:blueberries":2,"vampirism:hunter_axe_ultimate":1,"vampirism:pure_blood_0":1},"minecraft:killed":{"vampirism:advanced_vampire":2,"grimoireofgaia:centaur":1,"minecraft:horse":1,"grimoireofgaia:mimic":1,"goblintraders:goblin_trader":5,"grimoireofgaia:mandragora":2,"grimoireofgaia:flesh_lich":1,"grimoireofgaia:dullahan":1,"minecraft:pig":5,"minecraft:sheep":4,"minecraft:zombie":1},"minecraft:used":{"simplefarming:sushi":1,"minecraft:poppy":8,"vampirism:altar_infusion":3,"minecraft:chest":2,"vampirism:blood_container":20,"dynamictrees:oak_seed":3,"minecraft:torch":16,"minecraft:dirt":5,"minecraft:anvil":1,"simplefarming:blueberries":2,"minecraft:bee_nest":2,"minecraft:tuff":3,"simplefarming:raspberries":6,"meadow:cobbled_limestone":4,"minecraft:wooden_axe":10,"vampirism:blood_pedestal":1,"vampirism:alchemical_cauldron":2,"minecraft:iron_block":1,"minecraft:grass_block":29,"the_bumblezone:redstone_honey_web":40,"dynamictrees:birch_seed":1,"minecraft:stone_bricks":2,"minecraft:gold_block":10,"farmersdelight:hamburger":1,"farmersdelight:mutton_wrap":1,"minecraft:water_bucket":2,"vampirism:altar_inspiration":1,"minecraft:stone_pickaxe":25,"minecraft:oak_planks":15,"vampirism:pitchfork":14,"minecraft:ender_pearl":3,"minecraft:wooden_pickaxe":12,"vampirism:human_heart":3,"minecraft:redstone_block":3,"simplefarming:olive_sapling":1,"bakery:sandwich":2,"the_bumblezone:filled_porous_honeycomb_block":6,"minecraft:tnt":3,"minecraft:crafting_table":3,"vampirism:stake":12,"ironfurnaces:million_furnace":2,"minecraft:birch_fence":26,"minecraft:netherite_axe":12,"vampirism:altar_pillar":36,"grimoireofgaia:taproot":4,"minecraft:deepslate":36,"vampirism:altar_tip":11,"minecraft:stone_axe":67,"the_bumblezone:sticky_honey_redstone":2,"goblintraders:goblin_trader_spawn_egg":5,"minecraft:lapis_block":1,"grimoireofgaia:creep_spawn_egg":1},"minecraft:dropped":{"farmersdelight:hamburger":128,"minecraft:porkchop":11,"vampirism:advanced_vampire_spawn_egg":1,"vampirism:human_heart":1,"minecraft:diamond":1,"minecraft:crafting_table":1,"vampirism:pure_blood_0":1,"vampirism:pure_blood_2":1,"vampirism:pure_blood_1":1,"minecraft:apple":9,"minecraft:leather":1,"farmersdelight:mutton_wrap":126,"minecraft:grass_block":1,"vampirism:amulet":1,"minecraft:stick":13,"minecraft:torch":1,"tombstone:grave_key":1,"minecraft:mutton":6,"vampirism:alchemical_cauldron":1,"minecraft:deepslate":1,"minecraft:tuff":1,"vampirism:blood_bottle":1,"grimoireofgaia:dullahan_spawn_egg":1,"meadow:cobbled_limestone":11,"vampirism:hunter_axe_ultimate":1,"vampirism:blood_container":1,"vampirism:blood_pedestal":1}},"DataVersion":3465}