{"stats":{"minecraft:mined":{"meadow:small_fir":2,"minecraft:light_gray_stained_glass_pane":2,"minecraft:red_bed":2,"minecraft:candle":2,"minecraft:observer":1,"minecraft:dandelion":1,"minecraft:crafting_table":3,"minecraft:stone_brick_wall":1,"minecraft:tall_grass":1,"minecraft:skeleton_skull":1,"minecraft:hay_block":6,"minecraft:carrots":10,"vampirism:tent":1,"minecraft:peony":1,"minecraft:grass":18,"minecraft:bookshelf":5,"minecraft:potatoes":6,"minecraft:oak_log":2,"minecraft:beetroots":2,"vampirism:fire_place":1,"minecraft:iron_bars":2,"minecraft:cracked_stone_bricks":2,"minecraft:spruce_slab":2},"minecraft:crafted":{"minecraft:oak_planks":8,"minecraft:stone_axe":1,"minecraft:stone_pickaxe":1,"minecraft:stone_sword":1,"vampirism:stake":1},"minecraft:custom":{"minecraft:interact_with_furnace":3,"minecraft:mob_kills":5,"minecraft:interact_with_crafting_table":4,"minecraft:interact_with_cartography_table":1,"minecraft:open_barrel":3,"minecraft:damage_dealt_resisted":18,"minecraft:time_since_death":2482,"minecraft:climb_one_cm":577,"minecraft:time_since_rest":1869,"minecraft:sprint_one_cm":104874,"minecraft:damage_taken":550,"minecraft:walk_one_cm":29726,"minecraft:drop":11,"vampirism:interact_with_totem":1,"minecraft:damage_dealt":725,"minecraft:swim_one_cm":11657,"minecraft:fly_one_cm":74403,"minecraft:open_chest":9,"minecraft:crouch_one_cm":4747,"minecraft:play_time":23193,"tombstone:undead_killed":1,"minecraft:deaths":1,"minecraft:sneak_time":1585,"minecraft:walk_under_water_one_cm":1247,"minecraft:jump":451,"minecraft:walk_on_water_one_cm":3850,"minecraft:total_world_time":23193,"vampirism:blood_drunk":2000,"minecraft:fall_one_cm":8812},"minecraft:picked_up":{"simplefarming:pea_seeds":2,"minecraft:crafting_table":4,"vampirism:item_tent":1,"minecraft:potato":20,"minecraft:oak_log":8,"minecraft:red_bed":2,"vampirism:human_heart":1,"minecraft:apple":1,"minecraft:beetroot":4,"minecraft:cracked_stone_bricks":1,"minecraft:wheat_seeds":5,"minecraft:candle":5,"meadow:cobbled_limestone":11,"minecraft:observer":1,"dynamictrees:oak_seed":2,"minecraft:spruce_slab":2,"minecraft:book":15,"minecraft:stick":18,"vampirism:fire_place":1,"minecraft:porkchop":7,"minecraft:carrot":32,"simplefarming:eggplant_seeds":1,"minecraft:beetroot_seeds":6,"waystones:waystone":1,"minecraft:hay_block":6,"minecraft:skeleton_skull":1},"minecraft:killed":{"minecraft:pig":3,"minecraft:zombie":1,"minecraft:cow":1},"minecraft:dropped":{"minecraft:wheat_seeds":5,"minecraft:beetroot":2,"simplefarming:pea_seeds":2,"minecraft:red_bed":1,"minecraft:string":5,"simplefarming:eggplant_seeds":1},"minecraft:used":{"minecraft:water_bucket":6,"minecraft:stone_sword":11,"minecraft:stone_pickaxe":8,"minecraft:oak_planks":7,"vampirism:human_heart":1,"dynamictrees:oak_seed":2,"minecraft:cracked_stone_bricks":1,"farmersdelight:onion":3,"minecraft:crafting_table":2,"vampirism:stake":1,"minecraft:oak_log":1,"minecraft:bread":4,"minecraft:stone_axe":26,"minecraft:bucket":6,"tombstone:gift":1,"minecraft:egg":1}},"DataVersion":3465}